time_ms,motor,pwm,speedA,speedB
100,A,100,0,0
200,A,100,0,0
300,A,100,0,0
400,A,100,0,0
500,A,100,0,0
600,A,100,0,0
700,A,100,0,0
800,A,100,0,0
900,A,100,0,0
1000,A,100,0,0
1100,A,100,0,0
1200,A,100,0,0
1300,A,100,0,0
1400,A,100,0,0
1500,A,100,0,0
1600,A,100,0,0
1700,A,100,0,0
1800,A,100,0,0
1900,A,100,0,0
2000,A,100,0,0
2100,A,100,0,0
2200,A,100,0,0
2300,A,100,0,0
2400,A,100,0,0
2500,A,100,0,0
2600,A,100,0,0
2700,A,100,0,0
2800,A,100,0,0
2900,A,100,0,0
3000,A,100,0,0
3100,A,100,0,0
3200,A,100,0,0
3300,A,100,0,0
3400,A,100,0,0
3500,A,100,0,0
3600,A,100,0,0
3700,A,100,0,0
3800,A,100,0,0
3900,A,100,0,0
4000,A,100,0,0
4100,A,100,0,0
4200,A,100,0,0
4300,A,100,0,0
4400,A,100,0,0
4500,A,100,0,0
4600,A,100,0,0
4700,A,100,0,0
4800,A,100,0,0
4900,A,100,0,0
8000,A,110,0,0
8100,A,110,0,0
8200,A,110,0,0
8300,A,110,0,0
8400,A,110,0,0
8500,A,110,0,0
8600,A,110,0,0
8700,A,110,0,0
8800,A,110,0,0
8900,A,110,0,0
9000,A,110,0,0
9100,A,110,0,0
9200,A,110,0,0
9300,A,110,0,0
9400,A,110,0,0
9500,A,110,0,0
9600,A,110,0,0
9700,A,110,0,0
9800,A,110,0,0
9900,A,110,0,0
10000,A,110,0,0
10100,A,110,0,0
10200,A,110,0,0
10300,A,110,0,0
10400,A,110,0,0
10500,A,110,0,0
10600,A,110,0,0
10700,A,110,0,0
10800,A,110,0,0
10900,A,110,0,0
11000,A,110,0,0
11100,A,110,0,0
11200,A,110,0,0
11300,A,110,0,0
11400,A,110,0,0
11500,A,110,0,0
11600,A,110,0,0
11700,A,110,0,0
11800,A,110,0,0
11900,A,110,0,0
12000,A,110,0,0
12100,A,110,0,0
12200,A,110,0,0
12300,A,110,0,0
12400,A,110,0,0
12500,A,110,0,0
12600,A,110,0,0
12700,A,110,0,0
12800,A,110,0,0
12900,A,110,0,0
16000,A,120,0,0
16100,A,120,3,0
16200,A,120,5,0
16300,A,120,8,0
16400,A,120,9,0
16500,A,120,8,0
16600,A,120,10,0
16700,A,120,9,0
16800,A,120,9,0
16900,A,120,8,0
17000,A,120,10,0
17100,A,120,8,0
17200,A,120,8,0
17300,A,120,10,0
17400,A,120,9,0
17500,A,120,7,0
17600,A,120,9,0
17700,A,120,7,0
17800,A,120,7,0
17900,A,120,8,0
18000,A,120,8,0
18100,A,120,6,0
18200,A,120,8,0
18300,A,120,11,0
18400,A,120,8,0
18500,A,120,9,0
18600,A,120,10,0
18700,A,120,7,0
18800,A,120,9,0
18900,A,120,9,0
19000,A,120,10,0
19100,A,120,8,0
19200,A,120,7,0
19300,A,120,10,0
19400,A,120,8,0
19500,A,120,9,0
19600,A,120,9,0
19700,A,120,9,0
19800,A,120,10,0
19900,A,120,7,0
20000,A,120,9,0
20100,A,120,9,0
20200,A,120,9,0
20300,A,120,9,0
20400,A,120,7,0
20500,A,120,8,0
20600,A,120,8,0
20700,A,120,9,0
20800,A,120,8,0
20900,A,120,7,0
24000,A,130,20,0
24100,A,130,3,0
24200,A,130,6,0
24300,A,130,8,0
24400,A,130,11,0
24500,A,130,7,0
24600,A,130,10,0
24700,A,130,9,0
24800,A,130,8,0
24900,A,130,8,0
25000,A,130,7,0
25100,A,130,9,0
25200,A,130,7,0
25300,A,130,9,0
25400,A,130,9,0
25500,A,130,8,0
25600,A,130,8,0
25700,A,130,9,0
25800,A,130,8,0
25900,A,130,10,0
26000,A,130,7,0
26100,A,130,10,0
26200,A,130,7,0
26300,A,130,9,0
26400,A,130,8,0
26500,A,130,8,0
26600,A,130,8,0
26700,A,130,10,0
26800,A,130,10,0
26900,A,130,7,0
27000,A,130,10,0
27100,A,130,10,0
27200,A,130,8,0
27300,A,130,10,0
27400,A,130,9,0
27500,A,130,11,0
27600,A,130,9,0
27700,A,130,8,0
27800,A,130,11,0
27900,A,130,8,0
28000,A,130,9,0
28100,A,130,10,0
28200,A,130,9,0
28300,A,130,8,0
28400,A,130,10,0
28500,A,130,10,0
28600,A,130,10,0
28700,A,130,8,0
28800,A,130,8,0
28900,A,130,10,0
32000,A,140,21,0
32100,A,140,5,0
32200,A,140,7,0
32300,A,140,11,0
32400,A,140,9,0
32500,A,140,10,0
32600,A,140,8,0
32700,A,140,9,0
32800,A,140,9,0
32900,A,140,10,0
33000,A,140,9,0
33100,A,140,11,0
33200,A,140,10,0
33300,A,140,8,0
33400,A,140,9,0
33500,A,140,10,0
33600,A,140,9,0
33700,A,140,9,0
33800,A,140,10,0
33900,A,140,10,0
34000,A,140,7,0
34100,A,140,6,0
34200,A,140,11,0
34300,A,140,10,0
34400,A,140,10,0
34500,A,140,9,0
34600,A,140,7,0
34700,A,140,11,0
34800,A,140,8,0
34900,A,140,10,0
35000,A,140,8,0
35100,A,140,11,0
35200,A,140,10,0
35300,A,140,10,0
35400,A,140,9,0
35500,A,140,9,0
35600,A,140,9,0
35700,A,140,9,0
35800,A,140,9,0
35900,A,140,7,0
36000,A,140,12,0
36100,A,140,11,0
36200,A,140,9,0
36300,A,140,10,0
36400,A,140,8,0
36500,A,140,9,0
36600,A,140,8,0
36700,A,140,10,0
36800,A,140,10,0
36900,A,140,8,0
40000,A,150,24,0
40100,A,150,3,0
40200,A,150,9,0
40300,A,150,8,0
40400,A,150,9,0
40500,A,150,10,0
40600,A,150,12,0
40700,A,150,9,0
40800,A,150,10,0
40900,A,150,9,0
41000,A,150,9,0
41100,A,150,10,0
41200,A,150,10,0
41300,A,150,9,0
41400,A,150,11,0
41500,A,150,11,0
41600,A,150,8,0
41700,A,150,11,0
41800,A,150,9,0
41900,A,150,9,0
42000,A,150,10,0
42100,A,150,10,0
42200,A,150,9,0
42300,A,150,9,0
42400,A,150,11,0
42500,A,150,11,0
42600,A,150,9,0
42700,A,150,11,0
42800,A,150,10,0
42900,A,150,9,0
43000,A,150,11,0
43100,A,150,9,0
43200,A,150,10,0
43300,A,150,10,0
43400,A,150,7,0
43500,A,150,10,0
43600,A,150,8,0
43700,A,150,11,0
43800,A,150,10,0
43900,A,150,11,0
44000,A,150,11,0
44100,A,150,8,0
44200,A,150,8,0
44300,A,150,10,0
44400,A,150,11,0
44500,A,150,10,0
44600,A,150,12,0
44700,A,150,9,0
44800,A,150,10,0
44900,A,150,9,0
48000,A,160,24,0
48100,A,160,3,0
48200,A,160,8,0
48300,A,160,11,0
48400,A,160,11,0
48500,A,160,9,0
48600,A,160,8,0
48700,A,160,10,0
48800,A,160,9,0
48900,A,160,11,0
49000,A,160,9,0
49100,A,160,8,0
49200,A,160,9,0
49300,A,160,11,0
49400,A,160,11,0
49500,A,160,10,0
49600,A,160,10,0
49700,A,160,7,0
49800,A,160,10,0
49900,A,160,10,0
50000,A,160,10,0
50100,A,160,7,0
50200,A,160,10,0
50300,A,160,11,0
50400,A,160,7,0
50500,A,160,9,0
50600,A,160,11,0
50700,A,160,10,0
50800,A,160,9,0
50900,A,160,7,0
51000,A,160,9,0
51100,A,160,11,0
51200,A,160,12,0
51300,A,160,8,0
51400,A,160,10,0
51500,A,160,8,0
51600,A,160,11,0
51700,A,160,8,0
51800,A,160,7,0
51900,A,160,12,0
52000,A,160,9,0
52100,A,160,10,0
52200,A,160,8,0
52300,A,160,11,0
52400,A,160,7,0
52500,A,160,11,0
52600,A,160,11,0
52700,A,160,8,0
52800,A,160,9,0
52900,A,160,10,0
56000,A,170,24,0
56100,A,170,5,0
56200,A,170,9,0
56300,A,170,11,0
56400,A,170,11,0
56500,A,170,9,0
56600,A,170,12,0
56700,A,170,11,0
56800,A,170,10,0
56900,A,170,12,0
57000,A,170,9,0
57100,A,170,8,0
57200,A,170,11,0
57300,A,170,11,0
57400,A,170,7,0
57500,A,170,9,0
57600,A,170,11,0
57700,A,170,10,0
57800,A,170,9,0
57900,A,170,10,0
58000,A,170,10,0
58100,A,170,10,0
58200,A,170,7,0
58300,A,170,9,0
58400,A,170,12,0
58500,A,170,11,0
58600,A,170,10,0
58700,A,170,10,0
58800,A,170,11,0
58900,A,170,9,0
59000,A,170,10,0
59100,A,170,10,0
59200,A,170,9,0
59300,A,170,11,0
59400,A,170,8,0
59500,A,170,10,0
59600,A,170,9,0
59700,A,170,9,0
59800,A,170,9,0
59900,A,170,11,0
60000,A,170,10,0
60100,A,170,11,0
60200,A,170,11,0
60300,A,170,11,0
60400,A,170,10,0
60500,A,170,10,0
60600,A,170,10,0
60700,A,170,11,0
60800,A,170,10,0
60900,A,170,9,0
64000,A,180,21,0
64100,A,180,4,0
64200,A,180,11,0
64300,A,180,8,0
64400,A,180,11,0
64500,A,180,10,0
64600,A,180,9,0
64700,A,180,11,0
64800,A,180,10,0
64900,A,180,10,0
65000,A,180,10,0
65100,A,180,13,0
65200,A,180,9,0
65300,A,180,8,0
65400,A,180,8,0
65500,A,180,10,0
65600,A,180,8,0
65700,A,180,8,0
65800,A,180,10,0
65900,A,180,8,0
66000,A,180,9,0
66100,A,180,10,0
66200,A,180,12,0
66300,A,180,10,0
66400,A,180,10,0
66500,A,180,10,0
66600,A,180,11,0
66700,A,180,9,0
66800,A,180,9,0
66900,A,180,9,0
67000,A,180,11,0
67100,A,180,11,0
67200,A,180,10,0
67300,A,180,9,0
67400,A,180,9,0
67500,A,180,11,0
67600,A,180,9,0
67700,A,180,5,0
67800,A,180,12,0
67900,A,180,10,0
68000,A,180,11,0
68100,A,180,8,0
68200,A,180,10,0
68300,A,180,10,0
68400,A,180,10,0
68500,A,180,11,0
68600,A,180,10,0
68700,A,180,12,0
68800,A,180,8,0
68900,A,180,10,0
72000,A,190,32,0
72100,A,190,7,0
72200,A,190,8,0
72300,A,190,11,0
72400,A,190,9,0
72500,A,190,9,0
72600,A,190,12,0
72700,A,190,10,0
72800,A,190,10,0
72900,A,190,10,0
73000,A,190,12,0
73100,A,190,9,0
73200,A,190,12,0
73300,A,190,9,0
73400,A,190,10,0
73500,A,190,9,0
73600,A,190,12,0
73700,A,190,12,0
73800,A,190,7,0
73900,A,190,11,0
74000,A,190,11,0
74100,A,190,10,0
74200,A,190,9,0
74300,A,190,8,0
74400,A,190,12,0
74500,A,190,13,0
74600,A,190,11,0
74700,A,190,8,0
74800,A,190,11,0
74900,A,190,11,0
75000,A,190,9,0
75100,A,190,11,0
75200,A,190,9,0
75300,A,190,12,0
75400,A,190,11,0
75500,A,190,12,0
75600,A,190,10,0
75700,A,190,8,0
75800,A,190,10,0
75900,A,190,12,0
76000,A,190,11,0
76100,A,190,9,0
76200,A,190,9,0
76300,A,190,10,0
76400,A,190,10,0
76500,A,190,11,0
76600,A,190,8,0
76700,A,190,10,0
76800,A,190,9,0
76900,A,190,10,0
80000,A,200,26,0
80100,A,200,5,0
80200,A,200,10,0
80300,A,200,12,0
80400,A,200,12,0
80500,A,200,8,0
80600,A,200,8,0
80700,A,200,9,0
80800,A,200,11,0
80900,A,200,8,0
81000,A,200,8,0
81100,A,200,7,0
81200,A,200,10,0
81300,A,200,10,0
81400,A,200,11,0
81500,A,200,10,0
81600,A,200,8,0
81700,A,200,10,0
81800,A,200,10,0
81900,A,200,8,0
82000,A,200,10,0
82100,A,200,11,0
82200,A,200,9,0
82300,A,200,11,0
82400,A,200,10,0
82500,A,200,8,0
82600,A,200,10,0
82700,A,200,12,0
82800,A,200,10,0
82900,A,200,10,0
83000,A,200,10,0
83100,A,200,12,0
83200,A,200,10,0
83300,A,200,7,0
83400,A,200,9,0
83500,A,200,10,0
83600,A,200,10,0
83700,A,200,10,0
83800,A,200,9,0
83900,A,200,10,0
84000,A,200,10,0
84100,A,200,11,0
84200,A,200,11,0
84300,A,200,9,0
84400,A,200,13,0
84500,A,200,12,0
84600,A,200,9,0
84700,A,200,9,0
84800,A,200,9,0
84900,A,200,9,0
88000,A,210,25,0
88100,A,210,5,0
88200,A,210,10,0
88300,A,210,8,0
88400,A,210,9,0
88500,A,210,13,0
88600,A,210,8,0
88700,A,210,11,0
88800,A,210,7,0
88900,A,210,13,0
89000,A,210,11,0
89100,A,210,9,0
89200,A,210,9,0
89300,A,210,11,0
89400,A,210,10,0
89500,A,210,9,0
89600,A,210,11,0
89700,A,210,10,0
89800,A,210,9,0
89900,A,210,9,0
90000,A,210,9,0
90100,A,210,12,0
90200,A,210,9,0
90300,A,210,10,0
90400,A,210,12,0
90500,A,210,9,0
90600,A,210,9,0
90700,A,210,11,0
90800,A,210,12,0
90900,A,210,10,0
91000,A,210,8,0
91100,A,210,13,0
91200,A,210,9,0
91300,A,210,11,0
91400,A,210,10,0
91500,A,210,11,0
91600,A,210,12,0
91700,A,210,12,0
91800,A,210,11,0
91900,A,210,12,0
92000,A,210,11,0
92100,A,210,9,0
92200,A,210,11,0
92300,A,210,13,0
92400,A,210,11,0
92500,A,210,8,0
92600,A,210,9,0
92700,A,210,11,0
92800,A,210,10,0
92900,A,210,9,0
96000,A,220,23,0
96100,A,220,7,0
96200,A,220,8,0
96300,A,220,9,0
96400,A,220,10,0
96500,A,220,10,0
96600,A,220,13,0
96700,A,220,10,0
96800,A,220,8,0
96900,A,220,10,0
97000,A,220,9,0
97100,A,220,11,0
97200,A,220,13,0
97300,A,220,9,0
97400,A,220,10,0
97500,A,220,11,0
97600,A,220,11,0
97700,A,220,8,0
97800,A,220,10,0
97900,A,220,10,0
98000,A,220,8,0
98100,A,220,11,0
98200,A,220,12,0
98300,A,220,10,0
98400,A,220,12,0
98500,A,220,8,0
98600,A,220,7,0
98700,A,220,11,0
98800,A,220,9,0
98900,A,220,10,0
99000,A,220,8,0
99100,A,220,10,0
99200,A,220,8,0
99300,A,220,9,0
99400,A,220,10,0
99500,A,220,12,0
99600,A,220,10,0
99700,A,220,9,0
99800,A,220,11,0
99900,A,220,7,0
100000,A,220,9,0
100100,A,220,9,0
100200,A,220,10,0
100300,A,220,11,0
100400,A,220,9,0
100500,A,220,8,0
100600,A,220,10,0
100700,A,220,10,0
100800,A,220,11,0
100900,A,220,11,0
104000,A,230,27,0
104100,A,230,5,0
104200,A,230,10,0
104300,A,230,7,0
104400,A,230,10,0
104500,A,230,11,0
104600,A,230,9,0
104700,A,230,11,0
104800,A,230,9,0
104900,A,230,9,0
105000,A,230,12,0
105100,A,230,8,0
105200,A,230,6,0
105300,A,230,6,0
105400,A,230,11,0
105500,A,230,8,0
105600,A,230,9,0
105700,A,230,9,0
105800,A,230,11,0
105900,A,230,13,0
106000,A,230,10,0
106100,A,230,9,0
106200,A,230,12,0
106300,A,230,8,0
106400,A,230,9,0
106500,A,230,8,0
106600,A,230,6,0
106700,A,230,12,0
106800,A,230,10,0
106900,A,230,9,0
107000,A,230,11,0
107100,A,230,8,0
107200,A,230,11,0
107300,A,230,8,0
107400,A,230,9,0
107500,A,230,10,0
107600,A,230,10,0
107700,A,230,10,0
107800,A,230,12,0
107900,A,230,8,0
108000,A,230,11,0
108100,A,230,10,0
108200,A,230,11,0
108300,A,230,11,0
108400,A,230,10,0
108500,A,230,12,0
108600,A,230,9,0
108700,A,230,11,0
108800,A,230,10,0
108900,A,230,10,0
112000,A,240,48,0
112100,A,240,6,0
112200,A,240,11,0
112300,A,240,9,0
112400,A,240,10,0
112500,A,240,10,0
112600,A,240,11,0
112700,A,240,8,0
112800,A,240,9,0
112900,A,240,11,0
113000,A,240,9,0
113100,A,240,10,0
113200,A,240,8,0
113300,A,240,13,0
113400,A,240,9,0
113500,A,240,11,0
113600,A,240,8,0
113700,A,240,10,0
113800,A,240,9,0
113900,A,240,9,0
114000,A,240,10,0
114100,A,240,10,0
114200,A,240,12,0
114300,A,240,9,0
114400,A,240,9,0
114500,A,240,10,0
114600,A,240,8,0
114700,A,240,12,0
114800,A,240,10,0
114900,A,240,13,0
115000,A,240,9,0
115100,A,240,10,0
115200,A,240,10,0
115300,A,240,12,0
115400,A,240,13,0
115500,A,240,10,0
115600,A,240,11,0
115700,A,240,9,0
115800,A,240,13,0
115900,A,240,9,0
116000,A,240,12,0
116100,A,240,11,0
116200,A,240,12,0
116300,A,240,11,0
116400,A,240,12,0
116500,A,240,12,0
116600,A,240,11,0
116700,A,240,9,0
116800,A,240,10,0
116900,A,240,11,0
120000,A,250,26,0
120100,A,250,5,0
120200,A,250,10,0
120300,A,250,10,0
120400,A,250,10,0
120500,A,250,12,0
120600,A,250,6,0
120700,A,250,13,0
120800,A,250,12,0
120900,A,250,11,0
121000,A,250,8,0
121100,A,250,9,0
121200,A,250,11,0
121300,A,250,8,0
121400,A,250,8,0
121500,A,250,7,0
121600,A,250,11,0
121700,A,250,10,0
121800,A,250,6,0
121900,A,250,9,0
122000,A,250,11,0
122100,A,250,7,0
122200,A,250,11,0
122300,A,250,9,0
122400,A,250,10,0
122500,A,250,11,0
122600,A,250,9,0
122700,A,250,7,0
122800,A,250,10,0
122900,A,250,8,0
123000,A,250,11,0
123100,A,250,10,0
123200,A,250,9,0
123300,A,250,7,0
123400,A,250,14,0
123500,A,250,11,0
123600,A,250,9,0
123700,A,250,8,0
123800,A,250,10,0
123900,A,250,9,0
124000,A,250,9,0
124100,A,250,10,0
124200,A,250,9,0
124300,A,250,10,0
124400,A,250,8,0
124500,A,250,10,0
124600,A,250,9,0
124700,A,250,10,0
124800,A,250,9,0
124900,A,250,12,0
128000,A,255,26,0
128100,A,255,7,0
128200,A,255,10,0
128300,A,255,9,0
128400,A,255,12,0
128500,A,255,11,0
128600,A,255,9,0
128700,A,255,7,0
128800,A,255,11,0
128900,A,255,9,0
129000,A,255,7,0
129100,A,255,11,0
129200,A,255,8,0
129300,A,255,8,0
129400,A,255,11,0
129500,A,255,8,0
129600,A,255,9,0
129700,A,255,9,0
129800,A,255,10,0
129900,A,255,10,0
130000,A,255,7,0
130100,A,255,9,0
130200,A,255,9,0
130300,A,255,12,0
130400,A,255,11,0
130500,A,255,10,0
130600,A,255,11,0
130700,A,255,7,0
130800,A,255,11,0
130900,A,255,13,0
131000,A,255,9,0
131100,A,255,8,0
131200,A,255,10,0
131300,A,255,10,0
131400,A,255,8,0
131500,A,255,9,0
131600,A,255,8,0
131700,A,255,10,0
131800,A,255,11,0
131900,A,255,7,0
132000,A,255,8,0
132100,A,255,9,0
132200,A,255,10,0
132300,A,255,10,0
132400,A,255,10,0
132500,A,255,9,0
132600,A,255,8,0
132700,A,255,9,0
132800,A,255,11,0
132900,A,255,14,0
136000,B,100,27,0
136100,B,100,0,0
136200,B,100,0,0
136300,B,100,0,0
136400,B,100,0,0
136500,B,100,0,0
136600,B,100,0,0
136700,B,100,0,0
136800,B,100,0,0
136900,B,100,0,0
137000,B,100,0,0
137100,B,100,0,0
137200,B,100,0,0
137300,B,100,0,0
137400,B,100,0,0
137500,B,100,0,0
137600,B,100,0,0
137700,B,100,0,0
137800,B,100,0,0
137900,B,100,0,0
138000,B,100,0,0
138100,B,100,0,0
138200,B,100,0,0
138300,B,100,0,0
138400,B,100,0,0
138500,B,100,0,0
138600,B,100,0,0
138700,B,100,0,0
138800,B,100,0,0
138900,B,100,0,0
139000,B,100,0,0
139100,B,100,0,0
139200,B,100,0,0
139300,B,100,0,0
139400,B,100,0,0
139500,B,100,0,0
139600,B,100,0,0
139700,B,100,0,0
139800,B,100,0,0
139900,B,100,0,0
140000,B,100,0,0
140100,B,100,0,0
140200,B,100,0,0
140300,B,100,0,0
140400,B,100,0,0
140500,B,100,0,0
140600,B,100,0,0
140700,B,100,0,0
140800,B,100,0,0
140900,B,100,0,0
144000,B,110,0,0
144100,B,110,0,0
144200,B,110,0,0
144300,B,110,0,0
144400,B,110,0,0
144500,B,110,0,0
144600,B,110,0,0
144700,B,110,0,0
144800,B,110,0,0
144900,B,110,0,0
145000,B,110,0,0
145100,B,110,0,0
145200,B,110,0,0
145300,B,110,0,0
145400,B,110,0,0
145500,B,110,0,0
145600,B,110,0,0
145700,B,110,0,0
145800,B,110,0,0
145900,B,110,0,0
146000,B,110,0,0
146100,B,110,0,0
146200,B,110,0,0
146300,B,110,0,0
146400,B,110,0,0
146500,B,110,0,0
146600,B,110,0,0
146700,B,110,0,0
146800,B,110,0,0
146900,B,110,0,0
147000,B,110,0,0
147100,B,110,0,0
147200,B,110,0,0
147300,B,110,0,0
147400,B,110,0,0
147500,B,110,0,0
147600,B,110,0,0
147700,B,110,0,0
147800,B,110,0,0
147900,B,110,0,0
148000,B,110,0,0
148100,B,110,0,0
148200,B,110,0,0
148300,B,110,0,0
148400,B,110,0,0
148500,B,110,0,0
148600,B,110,0,0
148700,B,110,0,0
148800,B,110,0,0
148900,B,110,0,0
152000,B,120,0,0
152100,B,120,0,0
152200,B,120,0,0
152300,B,120,0,0
152400,B,120,0,0
152500,B,120,0,0
152600,B,120,0,0
152700,B,120,0,0
152800,B,120,0,0
152900,B,120,0,0
153000,B,120,0,0
153100,B,120,0,0
153200,B,120,0,0
153300,B,120,0,0
153400,B,120,0,0
153500,B,120,0,0
153600,B,120,0,0
153700,B,120,0,0
153800,B,120,0,0
153900,B,120,0,0
154000,B,120,0,0
154100,B,120,0,0
154200,B,120,0,0
154300,B,120,0,0
154400,B,120,0,0
154500,B,120,0,0
154600,B,120,0,0
154700,B,120,0,0
154800,B,120,0,0
154900,B,120,0,0
155000,B,120,0,0
155100,B,120,0,0
155200,B,120,0,0
155300,B,120,0,0
155400,B,120,0,0
155500,B,120,0,0
155600,B,120,0,0
155700,B,120,0,0
155800,B,120,0,0
155900,B,120,0,0
156000,B,120,0,0
156100,B,120,0,0
156200,B,120,0,0
156300,B,120,0,0
156400,B,120,0,0
156500,B,120,0,0
156600,B,120,0,0
156700,B,120,0,0
156800,B,120,0,0
156900,B,120,0,0
160000,B,130,0,0
160100,B,130,0,7
160200,B,130,0,9
160300,B,130,0,8
160400,B,130,0,11
160500,B,130,0,13
160600,B,130,0,10
160700,B,130,0,8
160800,B,130,0,11
160900,B,130,0,10
161000,B,130,0,8
161100,B,130,0,9
161200,B,130,0,12
161300,B,130,0,9
161400,B,130,0,10
161500,B,130,0,9
161600,B,130,0,8
161700,B,130,0,6
161800,B,130,0,11
161900,B,130,0,11
162000,B,130,0,7
162100,B,130,0,9
162200,B,130,0,12
162300,B,130,0,7
162400,B,130,0,6
162500,B,130,0,9
162600,B,130,0,10
162700,B,130,0,10
162800,B,130,0,7
162900,B,130,0,8
163000,B,130,0,7
163100,B,130,0,10
163200,B,130,0,9
163300,B,130,0,9
163400,B,130,0,10
163500,B,130,0,9
163600,B,130,0,10
163700,B,130,0,9
163800,B,130,0,9
163900,B,130,0,8
164000,B,130,0,9
164100,B,130,0,10
164200,B,130,0,11
164300,B,130,0,10
164400,B,130,0,10
164500,B,130,0,11
164600,B,130,0,6
164700,B,130,0,9
164800,B,130,0,10
164900,B,130,0,9
168000,B,140,0,25
168100,B,140,0,5
168200,B,140,0,8
168300,B,140,0,10
168400,B,140,0,9
168500,B,140,0,10
168600,B,140,0,9
168700,B,140,0,9
168800,B,140,0,8
168900,B,140,0,10
169000,B,140,0,9
169100,B,140,0,11
169200,B,140,0,11
169300,B,140,0,9
169400,B,140,0,11
169500,B,140,0,8
169600,B,140,0,8
169700,B,140,0,10
169800,B,140,0,11
169900,B,140,0,9
170000,B,140,0,11
170100,B,140,0,9
170200,B,140,0,8
170300,B,140,0,9
170400,B,140,0,9
170500,B,140,0,9
170600,B,140,0,11
170700,B,140,0,9
170800,B,140,0,10
170900,B,140,0,11
171000,B,140,0,7
171100,B,140,0,10
171200,B,140,0,10
171300,B,140,0,7
171400,B,140,0,12
171500,B,140,0,9
171600,B,140,0,10
171700,B,140,0,10
171800,B,140,0,9
171900,B,140,0,9
172000,B,140,0,8
172100,B,140,0,9
172200,B,140,0,9
172300,B,140,0,11
172400,B,140,0,9
172500,B,140,0,10
172600,B,140,0,10
172700,B,140,0,9
172800,B,140,0,10
172900,B,140,0,11
176000,B,150,0,26
176100,B,150,0,5
176200,B,150,0,10
176300,B,150,0,8
176400,B,150,0,9
176500,B,150,0,11
176600,B,150,0,11
176700,B,150,0,8
176800,B,150,0,10
176900,B,150,0,10
177000,B,150,0,8
177100,B,150,0,10
177200,B,150,0,9
177300,B,150,0,8
177400,B,150,0,10
177500,B,150,0,8
177600,B,150,0,10
177700,B,150,0,11
177800,B,150,0,9
177900,B,150,0,8
178000,B,150,0,9
178100,B,150,0,8
178200,B,150,0,11
178300,B,150,0,8
178400,B,150,0,10
178500,B,150,0,10
178600,B,150,0,9
178700,B,150,0,10
178800,B,150,0,9
178900,B,150,0,9
179000,B,150,0,8
179100,B,150,0,11
179200,B,150,0,11
179300,B,150,0,10
179400,B,150,0,10
179500,B,150,0,8
179600,B,150,0,10
179700,B,150,0,7
179800,B,150,0,8
179900,B,150,0,7
180000,B,150,0,11
180100,B,150,0,10
180200,B,150,0,11
180300,B,150,0,8
180400,B,150,0,8
180500,B,150,0,11
180600,B,150,0,10
180700,B,150,0,7
180800,B,150,0,10
180900,B,150,0,10
184000,B,160,0,23
184100,B,160,0,5
184200,B,160,0,7
184300,B,160,0,11
184400,B,160,0,8
184500,B,160,0,10
184600,B,160,0,11
184700,B,160,0,8
184800,B,160,0,10
184900,B,160,0,10
185000,B,160,0,11
185100,B,160,0,9
185200,B,160,0,7
185300,B,160,0,12
185400,B,160,0,7
185500,B,160,0,8
185600,B,160,0,10
185700,B,160,0,9
185800,B,160,0,11
185900,B,160,0,8
186000,B,160,0,8
186100,B,160,0,11
186200,B,160,0,9
186300,B,160,0,9
186400,B,160,0,10
186500,B,160,0,8
186600,B,160,0,11
186700,B,160,0,10
186800,B,160,0,9
186900,B,160,0,10
187000,B,160,0,10
187100,B,160,0,9
187200,B,160,0,11
187300,B,160,0,9
187400,B,160,0,11
187500,B,160,0,11
187600,B,160,0,9
187700,B,160,0,12
187800,B,160,0,9
187900,B,160,0,8
188000,B,160,0,11
188100,B,160,0,8
188200,B,160,0,11
188300,B,160,0,9
188400,B,160,0,9
188500,B,160,0,10
188600,B,160,0,9
188700,B,160,0,10
188800,B,160,0,10
188900,B,160,0,11
192000,B,170,0,24
192100,B,170,0,5
192200,B,170,0,9
192300,B,170,0,10
192400,B,170,0,11
192500,B,170,0,8
192600,B,170,0,11
192700,B,170,0,9
192800,B,170,0,9
192900,B,170,0,10
193000,B,170,0,8
193100,B,170,0,11
193200,B,170,0,9
193300,B,170,0,13
193400,B,170,0,11
193500,B,170,0,10
193600,B,170,0,11
193700,B,170,0,9
193800,B,170,0,10
193900,B,170,0,8
194000,B,170,0,8
194100,B,170,0,12
194200,B,170,0,9
194300,B,170,0,10
194400,B,170,0,9
194500,B,170,0,8
194600,B,170,0,11
194700,B,170,0,9
194800,B,170,0,10
194900,B,170,0,9
195000,B,170,0,9
195100,B,170,0,9
195200,B,170,0,10
195300,B,170,0,11
195400,B,170,0,9
195500,B,170,0,10
195600,B,170,0,10
195700,B,170,0,9
195800,B,170,0,11
195900,B,170,0,9
196000,B,170,0,12
196100,B,170,0,10
196200,B,170,0,8
196300,B,170,0,13
196400,B,170,0,11
196500,B,170,0,10
196600,B,170,0,9
196700,B,170,0,8
196800,B,170,0,12
196900,B,170,0,9
200000,B,180,0,24
200100,B,180,0,7
200200,B,180,0,8
200300,B,180,0,8
200400,B,180,0,11
200500,B,180,0,9
200600,B,180,0,6
200700,B,180,0,11
200800,B,180,0,9
200900,B,180,0,10
201000,B,180,0,8
201100,B,180,0,13
201200,B,180,0,9
201300,B,180,0,8
201400,B,180,0,10
201500,B,180,0,10
201600,B,180,0,8
201700,B,180,0,11
201800,B,180,0,9
201900,B,180,0,10
202000,B,180,0,10
202100,B,180,0,9
202200,B,180,0,9
202300,B,180,0,8
202400,B,180,0,8
202500,B,180,0,12
202600,B,180,0,9
202700,B,180,0,10
202800,B,180,0,10
202900,B,180,0,7
203000,B,180,0,10
203100,B,180,0,7
203200,B,180,0,11
203300,B,180,0,9
203400,B,180,0,10
203500,B,180,0,9
203600,B,180,0,8
203700,B,180,0,8
203800,B,180,0,12
203900,B,180,0,8
204000,B,180,0,10
204100,B,180,0,7
204200,B,180,0,10
204300,B,180,0,11
204400,B,180,0,8
204500,B,180,0,9
204600,B,180,0,11
204700,B,180,0,8
204800,B,180,0,12
204900,B,180,0,8
208000,B,190,0,24
208100,B,190,0,6
208200,B,190,0,8
208300,B,190,0,9
208400,B,190,0,11
208500,B,190,0,8
208600,B,190,0,10
208700,B,190,0,10
208800,B,190,0,8
208900,B,190,0,9
209000,B,190,0,10
209100,B,190,0,14
209200,B,190,0,8
209300,B,190,0,10
209400,B,190,0,10
209500,B,190,0,9
209600,B,190,0,11
209700,B,190,0,9
209800,B,190,0,10
209900,B,190,0,10
210000,B,190,0,9
210100,B,190,0,11
210200,B,190,0,8
210300,B,190,0,8
210400,B,190,0,10
210500,B,190,0,9
210600,B,190,0,12
210700,B,190,0,9
210800,B,190,0,8
210900,B,190,0,11
211000,B,190,0,9
211100,B,190,0,8
211200,B,190,0,7
211300,B,190,0,10
211400,B,190,0,12
211500,B,190,0,7
211600,B,190,0,9
211700,B,190,0,15
211800,B,190,0,9
211900,B,190,0,10
212000,B,190,0,10
212100,B,190,0,8
212200,B,190,0,10
212300,B,190,0,9
212400,B,190,0,10
212500,B,190,0,8
212600,B,190,0,7
212700,B,190,0,10
212800,B,190,0,10
212900,B,190,0,9
216000,B,200,0,27
216100,B,200,0,6
216200,B,200,0,8
216300,B,200,0,10
216400,B,200,0,9
216500,B,200,0,10
216600,B,200,0,10
216700,B,200,0,8
216800,B,200,0,11
216900,B,200,0,9
217000,B,200,0,11
217100,B,200,0,6
217200,B,200,0,7
217300,B,200,0,10
217400,B,200,0,9
217500,B,200,0,10
217600,B,200,0,9
217700,B,200,0,8
217800,B,200,0,10
217900,B,200,0,7
218000,B,200,0,11
218100,B,200,0,10
218200,B,200,0,9
218300,B,200,0,14
218400,B,200,0,8
218500,B,200,0,11
218600,B,200,0,10
218700,B,200,0,8
218800,B,200,0,11
218900,B,200,0,7
219000,B,200,0,11
219100,B,200,0,7
219200,B,200,0,9
219300,B,200,0,12
219400,B,200,0,10
219500,B,200,0,10
219600,B,200,0,8
219700,B,200,0,9
219800,B,200,0,11
219900,B,200,0,9
220000,B,200,0,11
220100,B,200,0,10
220200,B,200,0,10
220300,B,200,0,9
220400,B,200,0,8
220500,B,200,0,9
220600,B,200,0,8
220700,B,200,0,9
220800,B,200,0,10
220900,B,200,0,9
224000,B,210,0,25
224100,B,210,0,5
224200,B,210,0,9
224300,B,210,0,7
224400,B,210,0,13
224500,B,210,0,10
224600,B,210,0,10
224700,B,210,0,8
224800,B,210,0,11
224900,B,210,0,9
225000,B,210,0,7
225100,B,210,0,11
225200,B,210,0,9
225300,B,210,0,11
225400,B,210,0,9
225500,B,210,0,8
225600,B,210,0,11
225700,B,210,0,10
225800,B,210,0,11
225900,B,210,0,9
226000,B,210,0,10
226100,B,210,0,8
226200,B,210,0,8
226300,B,210,0,12
226400,B,210,0,9
226500,B,210,0,12
226600,B,210,0,9
226700,B,210,0,8
226800,B,210,0,10
226900,B,210,0,8
227000,B,210,0,10
227100,B,210,0,12
227200,B,210,0,11
227300,B,210,0,9
227400,B,210,0,8
227500,B,210,0,10
227600,B,210,0,11
227700,B,210,0,8
227800,B,210,0,11
227900,B,210,0,8
228000,B,210,0,12
228100,B,210,0,10
228200,B,210,0,8
228300,B,210,0,11
228400,B,210,0,8
228500,B,210,0,12
228600,B,210,0,8
228700,B,210,0,9
228800,B,210,0,10
228900,B,210,0,10
232000,B,220,0,25
232100,B,220,0,7
232200,B,220,0,8
232300,B,220,0,9
232400,B,220,0,12
232500,B,220,0,7
232600,B,220,0,9
232700,B,220,0,10
232800,B,220,0,7
232900,B,220,0,10
233000,B,220,0,7
233100,B,220,0,9
233200,B,220,0,11
233300,B,220,0,9
233400,B,220,0,11
233500,B,220,0,10
233600,B,220,0,7
233700,B,220,0,11
233800,B,220,0,10
233900,B,220,0,11
234000,B,220,0,8
234100,B,220,0,12
234200,B,220,0,8
234300,B,220,0,10
234400,B,220,0,11
234500,B,220,0,12
234600,B,220,0,9
234700,B,220,0,9
234800,B,220,0,8
234900,B,220,0,11
235000,B,220,0,9
235100,B,220,0,10
235200,B,220,0,8
235300,B,220,0,6
235400,B,220,0,11
235500,B,220,0,11
235600,B,220,0,12
235700,B,220,0,8
235800,B,220,0,8
235900,B,220,0,10
236000,B,220,0,7
236100,B,220,0,11
236200,B,220,0,10
236300,B,220,0,8
236400,B,220,0,11
236500,B,220,0,9
236600,B,220,0,9
236700,B,220,0,8
236800,B,220,0,10
236900,B,220,0,8
240000,B,230,0,25
240100,B,230,0,8
240200,B,230,0,9
240300,B,230,0,9
240400,B,230,0,9
240500,B,230,0,7
240600,B,230,0,10
240700,B,230,0,11
240800,B,230,0,8
240900,B,230,0,10
241000,B,230,0,7
241100,B,230,0,11
241200,B,230,0,9
241300,B,230,0,9
241400,B,230,0,13
241500,B,230,0,9
241600,B,230,0,10
241700,B,230,0,9
241800,B,230,0,10
241900,B,230,0,9
242000,B,230,0,7
242100,B,230,0,12
242200,B,230,0,11
242300,B,230,0,11
242400,B,230,0,8
242500,B,230,0,12
242600,B,230,0,7
242700,B,230,0,9
242800,B,230,0,11
242900,B,230,0,9
243000,B,230,0,11
243100,B,230,0,7
243200,B,230,0,10
243300,B,230,0,12
243400,B,230,0,11
243500,B,230,0,12
243600,B,230,0,10
243700,B,230,0,9
243800,B,230,0,9
243900,B,230,0,10
244000,B,230,0,11
244100,B,230,0,9
244200,B,230,0,8
244300,B,230,0,9
244400,B,230,0,11
244500,B,230,0,9
244600,B,230,0,8
244700,B,230,0,11
244800,B,230,0,9
244900,B,230,0,8
248000,B,240,0,29
248100,B,240,0,4
248200,B,240,0,9
248300,B,240,0,10
248400,B,240,0,8
248500,B,240,0,9
248600,B,240,0,13
248700,B,240,0,9
248800,B,240,0,10
248900,B,240,0,8
249000,B,240,0,9
249100,B,240,0,9
249200,B,240,0,8
249300,B,240,0,10
249400,B,240,0,10
249500,B,240,0,11
249600,B,240,0,8
249700,B,240,0,8
249800,B,240,0,10
249900,B,240,0,12
250000,B,240,0,13
250100,B,240,0,8
250200,B,240,0,8
250300,B,240,0,8
250400,B,240,0,8
250500,B,240,0,10
250600,B,240,0,9
250700,B,240,0,10
250800,B,240,0,9
250900,B,240,0,8
251000,B,240,0,13
251100,B,240,0,7
251200,B,240,0,11
251300,B,240,0,9
251400,B,240,0,9
251500,B,240,0,10
251600,B,240,0,8
251700,B,240,0,10
251800,B,240,0,10
251900,B,240,0,9
252000,B,240,0,9
252100,B,240,0,8
252200,B,240,0,11
252300,B,240,0,9
252400,B,240,0,9
252500,B,240,0,10
252600,B,240,0,11
252700,B,240,0,11
252800,B,240,0,8
252900,B,240,0,13
256000,B,250,0,26
256100,B,250,0,8
256200,B,250,0,8
256300,B,250,0,8
256400,B,250,0,8
256500,B,250,0,8
256600,B,250,0,12
256700,B,250,0,10
256800,B,250,0,7
256900,B,250,0,10
257000,B,250,0,9
257100,B,250,0,11
257200,B,250,0,8
257300,B,250,0,9
257400,B,250,0,10
257500,B,250,0,8
257600,B,250,0,11
257700,B,250,0,7
257800,B,250,0,11
257900,B,250,0,11
258000,B,250,0,12
258100,B,250,0,9
258200,B,250,0,8
258300,B,250,0,13
258400,B,250,0,9
258500,B,250,0,11
258600,B,250,0,8
258700,B,250,0,11
258800,B,250,0,8
258900,B,250,0,9
259000,B,250,0,10
259100,B,250,0,8
259200,B,250,0,11
259300,B,250,0,8
259400,B,250,0,13
259500,B,250,0,9
259600,B,250,0,9
259700,B,250,0,10
259800,B,250,0,8
259900,B,250,0,12
260000,B,250,0,11
260100,B,250,0,11
260200,B,250,0,12
260300,B,250,0,9
260400,B,250,0,10
260500,B,250,0,8
260600,B,250,0,11
260700,B,250,0,8
260800,B,250,0,10
260900,B,250,0,10
264000,B,255,0,22
264100,B,255,0,7
264200,B,255,0,10
264300,B,255,0,10
264400,B,255,0,12
264500,B,255,0,8
264600,B,255,0,11
264700,B,255,0,10
264800,B,255,0,11
264900,B,255,0,10
265000,B,255,0,6
265100,B,255,0,13
265200,B,255,0,8
265300,B,255,0,10
265400,B,255,0,11
265500,B,255,0,11
265600,B,255,0,9
265700,B,255,0,9
265800,B,255,0,12
265900,B,255,0,8
266000,B,255,0,9
266100,B,255,0,7
266200,B,255,0,12
266300,B,255,0,8
266400,B,255,0,9
266500,B,255,0,7
266600,B,255,0,10
266700,B,255,0,11
266800,B,255,0,10
266900,B,255,0,11
267000,B,255,0,10
267100,B,255,0,10
267200,B,255,0,9
267300,B,255,0,7
267400,B,255,0,11
267500,B,255,0,9
267600,B,255,0,9
267700,B,255,0,7
267800,B,255,0,9
267900,B,255,0,9
268000,B,255,0,8
268100,B,255,0,11
268200,B,255,0,8
268300,B,255,0,9
268400,B,255,0,9
268500,B,255,0,12
268600,B,255,0,10
268700,B,255,0,9
268800,B,255,0,13
268900,B,255,0,9
